nama_file,kelas,tanggal,kondisi_cahaya
spoon_001.jpg,spoon,2026-10-03,terang
spoon_002.jpg,spoon,2026-10-03,terang
spoon_003.jpeg,spoon,2026-10-03,terang
spoon_004.jpg,spoon,2026-10-03,terang
spoon_005.jpg,spoon,2026-10-03,terang
spoon_006.jpg,spoon,2026-10-03,terang
spoon_007.jpg,spoon,2026-10-03,terang
spoon_008.png,spoon,2026-10-03,terang
spoon_009.jpg,spoon,2026-10-03,terang
spoon_010.jpg,spoon,2026-10-03,terang
spoon_011.jpg,spoon,2026-10-03,terang
spoon_012.jpg,spoon,2026-10-03,terang
spoon_013.jpg,spoon,2026-10-03,terang
spoon_014.jpg,spoon,2026-10-03,terang
spoon_015.jpg,spoon,2026-10-03,terang
spoon_016.jpg,spoon,2026-10-03,terang
spoon_017.jpg,spoon,2026-10-03,terang
spoon_018.jpg,spoon,2026-10-03,terang
spoon_019.jpg,spoon,2026-10-03,terang
spoon_020.jpg,spoon,2026-10-03,terang
spoon_021.jpg,spoon,2026-10-03,terang
spoon_022.jpg,spoon,2026-10-03,terang
spoon_023.png,spoon,2026-10-03,terang
spoon_024.jpg,spoon,2026-10-03,terang
spoon_025.jpg,spoon,2026-10-03,terang
spoon_026.png,spoon,2026-10-03,terang
spoon_027.jpg,spoon,2026-10-03,terang
spoon_028.jpg,spoon,2026-10-03,terang
spoon_029.jpg,spoon,2026-10-03,terang
spoon_030.jpg,spoon,2026-10-03,terang
spoon_031.jpg,spoon,2026-10-03,terang
spoon_032.jpg,spoon,2026-10-03,terang
spoon_033.jpg,spoon,2026-10-03,terang
spoon_034.png,spoon,2026-10-03,terang
spoon_035.jpg,spoon,2026-10-03,terang
spoon_036.jpg,spoon,2026-10-03,terang
spoon_037.jpg,spoon,2026-10-03,terang
spoon_038.jpg,spoon,2026-10-03,terang
spoon_039.jpg,spoon,2026-10-03,terang
spoon_040.jpg,spoon,2026-10-03,terang
spoon_041.jpg,spoon,2026-10-03,terang
spoon_042.jpg,spoon,2026-10-03,terang
spoon_043.jpg,spoon,2026-10-03,terang
spoon_044.jpg,spoon,2026-10-03,terang
spoon_045.jpg,spoon,2026-10-03,terang
spoon_046.jpg,spoon,2026-10-03,terang
spoon_047.jpg,spoon,2026-10-03,terang
spoon_048.jpg,spoon,2026-10-03,terang
spoon_049.jpg,spoon,2026-10-03,terang
spoon_050.jpg,spoon,2026-10-03,terang
fork_001.jpg,fork,2026-10-03,terang
fork_002.jpg,fork,2026-10-03,terang
fork_003.jpg,fork,2026-10-03,terang
fork_004.jpg,fork,2026-10-03,terang
fork_005.jpeg,fork,2026-10-03,terang
fork_006.jpg,fork,2026-10-03,terang
fork_007.jpg,fork,2026-10-03,terang
fork_008.jpg,fork,2026-10-03,terang
fork_009.jpg,fork,2026-10-03,terang
fork_010.jpg,fork,2026-10-03,terang
fork_011.jpg,fork,2026-10-03,terang
fork_012.jpg,fork,2026-10-03,terang
fork_013.jpg,fork,2026-10-03,terang
fork_014.jpg,fork,2026-10-03,terang
fork_015.jpg,fork,2026-10-03,terang
fork_016.jpg,fork,2026-10-03,terang
fork_017.jpg,fork,2026-10-03,terang
fork_018.jpg,fork,2026-10-03,terang
fork_019.jpg,fork,2026-10-03,terang
fork_020.jpg,fork,2026-10-03,terang
fork_021.jpg,fork,2026-10-03,terang
fork_022.jpg,fork,2026-10-03,terang
fork_023.jpg,fork,2026-10-03,terang
fork_024.jpg,fork,2026-10-03,terang
fork_025.jpg,fork,2026-10-03,terang
fork_026.jpg,fork,2026-10-03,terang
fork_027.jpg,fork,2026-10-03,terang
fork_028.jpg,fork,2026-10-03,terang
fork_029.jpg,fork,2026-10-03,terang
fork_030.png,fork,2026-10-03,terang
fork_031.jpg,fork,2026-10-03,terang
fork_032.jpg,fork,2026-10-03,terang
fork_033.jpg,fork,2026-10-03,terang
fork_034.jpg,fork,2026-10-03,terang
fork_035.jpg,fork,2026-10-03,terang
fork_036.jpg,fork,2026-10-03,terang
fork_037.jpg,fork,2026-10-03,terang
fork_038.jpg,fork,2026-10-03,terang
fork_039.jpg,fork,2026-10-03,terang
fork_040.jpeg,fork,2026-10-03,terang
fork_041.jpg,fork,2026-10-03,terang
fork_042.jpg,fork,2026-10-03,terang
fork_043.jpg,fork,2026-10-03,terang
fork_044.jpg,fork,2026-10-03,terang
fork_045.jpg,fork,2026-10-03,terang
fork_046.jpg,fork,2026-10-03,terang
fork_047.jpg,fork,2026-10-03,terang
fork_048.jpg,fork,2026-10-03,terang
fork_049.jpg,fork,2026-10-03,terang
fork_050.jpg,fork,2026-10-03,terang
